freq,V1_brugada,V1_healthy,V2_brugada,V2_healthy,V3_brugada,V3_healthy
0.0,9.934082542080749e-15,9.200369934502383e-15,1.1258305077249595e-14,1.1182681190064983e-14,1.0931674245367121e-14,1.013681892049056e-14
0.08333333333333333,18.792044650887117,15.066204916607708,15.938059445786655,15.944423757535525,15.031489146510012,13.631184328551642
0.16666666666666666,20.243290550246634,16.285197970976427,17.603993224001496,17.13051025574195,16.81741617171299,14.64485732841914
0.25,23.68217765896462,19.101740390804107,21.125135741753724,20.00035557348884,20.362138240462553,17.3888882987728
0.3333333333333333,30.3096353146702,24.102788185136152,26.507671220228644,25.6004913733274,25.310491898813993,22.661367691608
0.41666666666666663,36.16857383408051,29.42064656320493,32.95295871022942,31.819716482548415,29.80171672662843,28.896276545958834
0.5,39.79005009404386,32.801224293691,37.897552851828436,33.20987918026752,33.609929131981765,31.337634610587223
0.5833333333333333,43.23406381782749,34.00400508229988,37.98618566780964,34.796952456885414,33.83621882541322,33.98739233177796
0.6666666666666666,38.55246673264947,36.16423230271093,34.11013810521047,37.100228406939905,30.50212250115933,36.84873640976608
0.75,33.16270803928772,33.47321264243431,32.71255793923102,36.96204979473087,32.14493523857377,39.15268418048897
0.8333333333333333,34.388406821786205,33.65996800181516,35.57632244708527,40.64722451822319,36.89875655756359,44.22220290597049
0.9166666666666666,46.7220580761031,38.756057830550105,52.94925023575473,54.22818909924687,58.46738184191767,61.42846149753623
1.0,44.135823903120794,52.581643227377604,56.31784465241255,78.4093460077761,61.21995575327214,97.1095584005644
1.0833333333333333,52.8168001912941,57.887293586064544,72.95104138788042,76.43323532718429,72.72086426680534,89.30552857413042
1.1666666666666665,65.00938385821907,53.98336412313291,85.92396020982714,84.0851955780104,85.08843853507494,95.62974026294306
1.25,65.07953938280143,56.972840658983856,81.97851473439604,77.1321882849614,78.26744038277663,83.32303736923124
1.3333333333333333,49.95486001017455,44.78491988291038,62.445870041456885,59.95132385508113,69.69777344201643,59.3024370865442
1.4166666666666665,30.973001371655506,33.216528121536285,39.524942276200676,42.42939076895712,40.52317353194735,43.337556583387254
1.5,25.177501036151703,30.17596212011786,33.494661522202904,32.66819852010044,32.05140083686922,35.653140690706834
1.5833333333333333,29.438683106694906,32.19661863486545,34.46890820873341,37.095026312949294,29.806194300866878,40.26893645128008
1.6666666666666665,25.801769217882374,33.361316148546024,29.455851973501705,36.33364105262698,25.97986345252562,37.22737035273767
1.75,30.96971805578274,31.21514413370906,37.50758787181122,39.44888107424952,32.593926369015236,34.231839654056586
1.8333333333333333,30.565126399370616,30.17725864788969,39.996260749891235,39.2635503102219,35.73651775643505,35.7871307383941
1.9166666666666665,36.90921328982798,38.06797156116675,46.32542756204293,53.15594146113945,37.20669208501749,51.03890693674146
2.0,38.3133731578517,39.97571970918079,45.84060109461661,58.59334795114762,37.641281191307975,55.068641702487085
2.083333333333333,43.715743980362596,39.7786093484085,49.383422351766555,60.8427798152923,45.64628118941137,54.97829947463013
2.1666666666666665,51.021945324627445,49.62269073840979,54.54348624298222,61.24361402218325,46.02689599932532,56.37996627371422
2.25,54.23149831811744,46.140472495752306,54.97150770928222,59.19308524236001,46.513430869535256,56.867205587909694
2.333333333333333,62.60611476674292,47.082636709778676,70.88988173392903,63.143058630290845,54.70797538036903,53.24833589588626
2.4166666666666665,54.181355946324,42.801614390082946,57.62648325398109,59.16837724208626,45.83716688489229,51.12202041618153
2.5,62.42583268467073,44.634487388332204,66.70319557500426,61.0445463287296,56.943826260463766,54.059852250683036
2.583333333333333,64.79019620040002,49.89254946856394,66.21745987332905,60.44007444342615,55.164040555532544,53.35195809067744
2.6666666666666665,71.07504226500512,40.479656220715654,77.78772371481568,50.27067179935019,62.93977482839808,45.202385820313715
2.75,49.77701129831618,39.27624965782393,54.27462809216915,44.83576954529673,47.34126305331684,44.76280241097559
2.833333333333333,45.692839998231804,38.041463433502784,48.76772481233963,42.05028547797612,45.05443791429382,41.967421806314505
2.9166666666666665,41.207164412602786,46.921821496092456,42.39858250720934,45.09368547627263,37.41628760153086,48.89001377968634
3.0,38.041300335598926,48.328024579791645,37.875909192646475,47.8797875650528,34.148768909254755,49.41309415778028
3.083333333333333,43.58862855316382,51.5078501985255,40.99059809792466,50.75675850202766,40.72959002778853,51.828149194072154
3.1666666666666665,50.75837535561574,56.239214985086385,45.07310568995306,50.343065785171845,41.55685329264952,56.219383666073554
3.25,53.33495972545014,55.50494875756806,44.9554963978658,49.45117131196689,40.44943940516535,53.381023133198795
3.333333333333333,49.58332239604564,50.77671921122001,39.60311135416781,45.339082314904296,37.861995669783205,52.4943165047345
3.4166666666666665,48.43945681005519,48.72707427126681,39.12722212208834,41.38246298848236,35.48335800608268,48.788704189790906
3.5,62.116003960659555,59.28031031318069,53.38162195632922,48.79719789150599,47.347307256591584,58.229144243059544
3.583333333333333,61.427367048956114,54.14266243921488,48.3631581382157,46.723776558892325,42.71175919195773,53.174428553929516
3.6666666666666665,61.61948725389216,43.77923421904167,47.73108342829534,41.74945771686521,43.78914553342175,46.13596082936834
3.75,71.08438140106594,45.272436912348404,54.75752003873776,38.91394689679274,52.33854285522588,44.06381793940666
3.833333333333333,54.21761810163572,52.17676494068684,44.51779190886106,43.45238639496969,43.755057569449754,50.540612015385975
3.9166666666666665,63.42973121598747,49.54806854024019,46.891795205285156,37.869586771566034,48.81040136508524,44.389684250088436
4.0,55.84233823257335,46.807592036854516,42.194476226052934,32.85939986796619,40.807117766992846,42.62029946838078
4.083333333333333,47.05629211994903,45.67390399447366,34.27216482896679,29.1938377705916,34.68478430419426,38.00004995340491
4.166666666666666,48.618399847553306,39.569972252324504,37.2593320652012,26.901299179215677,37.20287624853473,33.962492106431725
4.25,42.00352272489477,43.366852965554465,29.093416981180678,26.508882747473464,31.549997892662553,32.89936195447052
4.333333333333333,50.956357061910985,45.44415318275627,34.28768466535467,26.51272138345789,36.02464910888024,37.2970577089788
4.416666666666666,43.83183949022369,44.80944407419963,29.03644601830795,27.867876243027172,29.73542088879437,32.557615360127635
4.5,39.73572086729953,44.803073722941456,28.284615313743892,30.25335140012669,25.110258006737954,34.471056427789804
4.583333333333333,46.228178851664474,43.1963989216214,33.44332626246323,27.272463594237482,29.650526136331205,31.18637724497218
4.666666666666666,52.11642202835132,47.62374889034171,39.75991635060659,30.799276129752474,37.600408211855985,31.50596326917514
4.75,53.67981992224679,55.38986028938583,40.76399100427528,36.361756006850875,37.1216971221089,41.860330696275746
4.833333333333333,46.182428949027084,45.266881352302825,36.21835483262319,32.63897220471742,32.862819355992954,33.95214086738511
4.916666666666666,47.58746584792409,47.62684459925877,38.70823190462209,31.071081969634772,35.1355013723497,29.293629205972277
5.0,47.434811237616465,47.3199560566623,36.28783316002521,32.187637839199986,34.90944567657596,29.01303724433013
5.083333333333333,47.14112768856802,45.434125033537754,36.079986020658296,32.64863853771719,33.80478922655935,28.781567074381993
5.166666666666666,46.85221352359747,51.00438097388558,38.29430673322048,38.66755815203677,35.12139607167204,31.923424452073984
5.25,47.0750780785146,41.734013997487736,37.36828253564447,33.79642953278419,34.57446131314932,30.482749571665764
5.333333333333333,49.588448782634586,42.002180844582334,36.51858931586971,33.47650618541472,34.746839219348985,26.159241408990642
5.416666666666666,49.96912847965971,39.565704860906926,39.03433242942656,34.81660517050343,37.54239318345814,26.270748291392618
5.5,50.00724223253228,36.259892795134675,41.692881684014424,33.02817283286827,37.14776387006957,27.004125438696526
5.583333333333333,36.52518395309814,38.92536269330125,30.952580584134783,34.04308390000009,28.887088378752686,24.922744575255432
5.666666666666666,35.99733163181258,38.54197940910694,30.30458292596375,35.972669995815714,27.603002770618172,28.683201473508763
5.75,46.27506393604303,40.15763875197257,39.773240616672446,38.529492548989964,37.462659496764914,29.89252721279245
5.833333333333333,46.60459459473913,40.78268584058678,40.04273227194304,39.946843343653775,37.16087254749332,33.22194856263564
5.916666666666666,48.85053348196057,49.05148473279373,42.84877308517228,46.08085906105825,41.41446556869044,34.56532711281927
6.0,39.97127566940038,44.146236661126295,36.42188599507347,41.01861989209121,36.22475806023372,32.804612728465365
6.083333333333333,45.2761806830412,50.68083593255413,43.46771411359133,52.4065240507516,42.17432487454812,41.16967594111335
6.166666666666666,44.52740408818404,42.07821568805581,39.254000000121174,42.14704796365062,41.82481915160008,34.051790101830605
6.25,52.97666925323122,47.74075374271735,50.62346981517604,46.75435839794384,50.88564896322303,39.88154949442767
6.333333333333333,53.734982386781354,48.95503292127283,52.406843879870095,46.63847958286168,52.92420019274858,39.41614833974318
6.416666666666666,53.86518550539752,54.0064723848754,48.58605234705807,49.78632910790401,48.57353465106712,44.99588123475076
6.5,49.24761635503529,52.85464720095235,48.63825139563801,50.119742703578815,47.80621133445513,46.966183264553045
6.583333333333333,54.55220489854342,51.4979038584423,52.49864369827821,48.58188366596784,52.74854156498043,45.010204935231314
6.666666666666666,46.280354117107976,46.32038184136378,44.73598676427503,42.374466074579274,42.204396279179825,40.397465100950555
6.75,46.03362564262015,48.48420015445209,44.869625558995864,46.479206666060826,41.35422875688519,43.634137622674544
6.833333333333333,42.34653927126273,43.56249440961799,41.316813687274,40.503472500433055,39.00893942335991,40.551985958946986
6.916666666666666,44.572963043264586,55.25762409413549,43.358736980236046,53.11344646563114,42.989623991756304,50.797660008617214
7.0,52.54226528629631,54.34958739913772,48.95690310407863,49.877948803299645,48.93780369158842,50.432015486430416
7.083333333333333,46.012777748836974,60.106370209399216,43.516882875825786,55.387667286808444,42.77089979152072,56.03388760803565
7.166666666666666,45.388366460783544,50.79693206697913,43.17515988414402,47.42420427597702,44.79551135856372,46.32644264446529
7.25,45.347347310540975,48.30901209493104,42.95827655702146,44.79548519888692,43.286456868857705,43.77107513572162
7.333333333333333,47.33934273349663,45.927107308687724,45.275920718763516,41.41378876578647,45.562856886449644,39.59659309919232
7.416666666666666,50.35389916373407,47.87827706982651,47.77264410019124,42.7285073979397,49.301441180531505,40.43855223279585
7.5,52.210758943549585,54.97711565656674,49.6419813813376,49.53902951354615,49.90536119053916,48.604173871648534
7.583333333333333,46.63311795144445,51.89422533691607,44.57203983696195,45.31558870715668,44.57387226650239,44.425115128085665
7.666666666666666,51.514735782428325,52.25832138365298,47.71419403367324,44.52010946589228,48.19893426868194,44.25703235935129
7.75,50.65508585471402,54.74594778714038,49.36397942218768,47.93225838901567,48.7711709915101,47.22869023425954
7.833333333333333,50.301662361047335,57.1478429886484,49.2744444273867,47.11218593308467,47.98284916628678,48.47768540119122
7.916666666666666,49.18753269108101,53.006786524870506,45.9465330039331,44.56426948452118,47.04531611917218,44.99605226991862
8.0,49.25181798527045,53.03893522193644,46.49442697942694,45.93936652473818,45.40649701087108,47.06142394242793
8.083333333333332,57.88385394006468,54.503832971086695,56.246163453972045,46.99715876542643,50.80891168034377,47.07453684406593
8.166666666666666,51.23498933140057,56.92804917467423,49.18411619618605,48.8727577916451,48.71920902044577,49.95168878628791
8.25,44.210372884948114,57.261228132344364,40.09866619367129,50.212611384955565,42.16803275845403,50.23983775753477
8.333333333333332,46.697733352113076,49.773319721727994,44.850757035954345,44.52927424167134,46.27737737623325,43.05911978867425
8.416666666666666,45.46740512295524,53.255635856210425,44.55807240714886,45.89403131670655,45.77429306009385,44.41782886832893
8.5,41.95915010449401,48.69268954425725,40.20873734462559,44.21303135063833,41.09393939659867,42.11970194229553
8.583333333333332,44.6099890937002,42.00264108188635,43.338417563236646,38.31574443839817,44.77241976075984,36.60078697814451
8.666666666666666,41.435563315471555,47.23586524656917,40.2546453378547,42.66812466807519,41.58876146541888,38.19811304833657
8.75,49.20408347332067,47.38040041670731,51.61125811185536,43.53544263881819,50.5033164537967,41.57970082315443
8.833333333333332,39.23411541275275,46.77223725541635,41.44045533776875,42.87568721949823,42.30517392029601,40.389331984726525
8.916666666666666,37.54950305012718,48.09878204328743,37.82342021708655,43.8319473977836,38.90457958656519,41.502227030426624
9.0,42.760048233038724,49.733333549523934,42.147823738795886,46.628987159136656,44.27875184619711,44.85238114717302
9.083333333333332,40.54553557708773,45.429506945263846,42.38986125711977,42.08475916317574,44.31796079073642,39.50085899920192
9.166666666666666,48.29062348577058,44.38688003834682,49.14482681106128,41.3030061862119,50.95879486631115,39.0785217069282
9.25,47.58096133643146,51.09600229306912,47.740289058578675,47.34486034320229,51.57918096136265,44.96799767167818
9.333333333333332,41.72490356648505,45.92448322085265,42.265203416936195,44.89066325200176,45.458724078447695,41.896280694014635
9.416666666666666,46.574040877220746,54.2037923718938,44.9778648334006,51.674841032030216,46.26602778572254,48.21958880631508
9.5,48.35592558310988,49.7700250622641,48.930129732340774,46.71194044041012,50.87413955984646,44.019624576507915
9.583333333333332,40.94607074254917,52.20836733375774,42.7831641764032,49.557659743711035,42.81965105066177,47.258523925281075
9.666666666666666,40.39703606328254,50.427443456388495,39.7021137422652,47.65702271834798,41.72893405187289,45.17159732730357
9.75,44.59083171938887,40.651864915987886,44.83786071154081,40.189392902574575,46.53532881196056,36.443344777035676
9.833333333333332,40.07151449840786,48.57927047251959,41.09504931626342,45.25991056766596,43.62575719163042,42.618446159912985
9.916666666666666,44.66599932331284,48.590155105624035,45.88425832539077,46.381564798928785,46.885393730826515,42.39800147436358
10.0,42.76400152435221,46.3301023072515,45.415864406975416,45.41238255371734,47.84960184439413,42.93572759371375
10.083333333333332,37.15397257626986,43.731278053382276,38.89599875610123,42.933767403752846,40.55367473596647,41.87398799096117
10.166666666666666,38.796346106556015,42.54742130404023,38.9445305855128,41.88377761713406,40.346075744237964,41.09867432724627
10.25,41.295318408166644,46.32962937081765,40.50188691680833,44.41909049342099,43.69253665344292,42.53749524250931
10.333333333333332,37.29198387087655,46.37540870231422,39.46972422759115,44.97411900103314,43.73698363470608,43.1065181602685
10.416666666666666,42.808528445405386,48.43643971895057,44.46846482568102,49.1252172699,47.758928559531654,45.85055985498466
10.5,45.403758982485705,50.50099261983068,45.68595904978145,51.109084007018744,48.1153578072714,48.95039461359285
10.583333333333332,44.068918509979,49.16006224995179,44.110320263072644,48.613347197743394,46.08267506731882,47.56672362864879
10.666666666666666,40.11448385811007,46.018443235178786,39.80967418760919,45.92661286367521,39.54381966733635,43.511974195800995
10.75,47.85104403784886,43.89810265307707,47.95827678534247,43.278291251453936,48.877274200432176,42.17417802340647
10.833333333333332,39.650707362631,46.4400981706457,41.803988583388474,44.711596997061406,42.200916115004155,43.25846420883789
10.916666666666666,39.14141933354898,47.07564012620168,41.63550738163599,45.08381798744507,42.63269416990354,43.04771057485548
11.0,38.545206868162886,44.17447711421489,39.73445291614776,42.580398035773406,42.033398775429944,41.6489957942723
11.083333333333332,41.79715648830327,43.21910707516749,43.620108781941504,41.64185132752808,45.51441316066663,40.188769891684984
11.166666666666666,34.39740854307902,43.19210651486806,35.56579370175869,43.12123460634845,38.12058719951709,42.371461225710135
11.25,39.708204795827676,47.46526535033113,43.24477587443586,47.419981027306704,45.17502871301772,45.97592797066162
11.333333333333332,38.594691657703436,48.09961337993441,41.82565725138741,48.14107727143063,44.1601140678765,47.35791891853226
11.416666666666666,34.00353440474622,43.58607604568439,34.51881443432737,43.17893524127392,37.60052770889155,41.907215270411804
11.5,35.103355170218705,43.78631711862946,36.34703237151637,43.34702547239869,38.52951830977381,42.72642431563387
11.583333333333332,37.51992487151842,47.6134922964904,38.13635042119861,46.29184800277634,41.23316884560749,45.16563966025175
11.666666666666666,38.99657002538247,44.42667762777607,39.780432712593985,43.98405383449676,41.93011529834948,43.21578385116504
11.75,44.396509968550646,50.35922973173032,44.95586013046768,50.54993505190409,48.763205885268505,50.00763446949026
11.833333333333332,42.21263219746262,42.70445373645327,43.903116787883626,40.58491938995524,46.06453690019646,39.27846725386158
11.916666666666666,36.246923434995495,43.36255404677584,36.61787851032035,42.461473922160096,39.10678018753457,41.27366623084713
12.0,34.467318168628125,46.410951522354154,35.490170491314196,45.2615631473999,38.109659704758414,43.41714011155297
12.083333333333332,40.56385469863934,44.507958155909414,43.43386150854781,43.177697756509495,44.93788708816509,40.81502703786646
12.166666666666666,37.40116300897084,52.38194900265103,39.011694799620635,50.48048877657999,40.08513395805256,49.93060220507815
12.25,32.13263470469108,40.45049000606603,34.74585799930984,38.61915648006598,35.7983354903004,39.0136982338041
12.333333333333332,37.788563590569176,42.00741490458181,39.252916756753095,42.312031312880904,42.03788888285709,42.081660238142206
12.416666666666666,32.45076396834322,36.8653787941054,33.691792639332434,37.516340973210404,35.5807743157542,37.00282382564978
12.5,37.55579158625647,37.981456106649425,41.61364181282578,38.51279083056086,44.90765330263613,38.718878606335466
12.583333333333332,37.986612844893855,37.98789307460726,41.567826065217346,37.64622738824095,43.71112869917264,37.26640887871683
12.666666666666666,38.11986287702318,41.46853977069326,41.28177734264311,41.48411785985231,44.59284611257074,40.095286498099675
12.75,39.70341245674185,45.05402371285118,41.604823172458055,44.451928989338825,45.153308063305715,42.81658518776171
12.833333333333332,37.482038558696814,43.33371592046934,41.04791554009836,42.82175746512793,43.31750364161851,42.14730878676583
12.916666666666666,40.741281930220175,45.75701786779593,42.521569633249875,46.84003205336558,46.69838434987808,45.05519443466002
13.0,39.73478364943545,52.551885930662166,42.78943394766988,50.95016893154649,46.63407694609396,48.537004994322906
13.083333333333332,35.07087397255505,45.823417678860594,38.3595459132827,44.26724594167371,41.778839973604626,43.58435672034071
13.166666666666666,35.76748873844007,44.73598875683925,38.171428097300584,43.980730171578,40.37270941850194,42.41756058169991
13.25,30.5028904429534,39.91083082681647,35.00295479015429,38.23045308958904,36.966259278712656,37.87631356021348
13.333333333333332,30.423241955882006,44.49222378518729,32.91870095691521,43.506437031777516,35.96327327507246,41.9769889641971
13.416666666666666,33.6509873428987,40.29909927999552,37.50284589998481,38.986786719889395,39.933773746604146,38.723294238548405
13.5,30.569284440365987,34.56147016417402,33.13670699094352,34.04638153202577,34.399038985353066,34.56667531256985
13.583333333333332,30.828413302073194,40.350520547612525,34.24654670090507,40.36213695608642,36.39552667483513,40.26439238043208
13.666666666666666,34.129811614715535,36.91265511833497,38.6096590968984,37.27657238375444,40.685797287064744,37.38192907320695
13.75,30.209103033599405,39.706364663788854,35.43641622162464,40.361724594126514,39.06331996222195,39.36329968915199
13.833333333333332,35.22496611131479,36.55988282290896,40.151570819008455,36.58270454577841,44.243708210639,35.878551935567195
13.916666666666666,30.121500814451043,40.18316332186673,33.14702929695943,40.092934334513686,37.33776164490652,40.154820887486295
14.0,29.655451638443903,42.87884207613391,33.28738661801276,42.724380259000824,36.6386614435893,42.02062345251861
14.083333333333332,37.061209934594636,43.388780731452755,39.24743293621873,43.176341561586966,44.474371032675144,41.5506773581181
14.166666666666666,29.309878122680146,40.7776725227245,32.01078061607667,39.52776700710291,36.41048655111058,39.091379358430764
14.25,28.54998799581187,43.38216907812869,31.021165923988974,43.17757132738821,34.344413588620945,42.50826104127663
14.333333333333332,31.80668322657181,40.397182536141564,35.54488196432784,39.89191874711398,39.13799153917222,38.91838210769725
14.416666666666666,29.86059009320588,44.180517420555724,32.72959913455516,44.423544050485106,37.45765234424795,43.67033701013684
14.5,27.397404645304142,40.93930891606226,31.06693971070459,39.950177453832254,34.66510465128446,40.249948707398325
14.583333333333332,25.687795678941516,39.94690738592706,30.598406841904715,39.02438732771899,32.97088084890267,38.77817038263101
14.666666666666666,26.361420271277055,35.174531254864426,31.439751493929727,34.569107000729815,34.79759198891207,34.52530019564151
14.75,32.66370468836639,36.78833195204354,37.4627867451669,36.460951763135945,40.47805914166463,36.62021782163795
14.833333333333332,31.223418603045655,39.058646209150744,35.236123254243516,39.978846766662514,38.303087734235845,39.5290261389034
14.916666666666666,30.23114746897293,37.20098380225819,33.71705552933256,37.39202838127206,37.488059663795184,37.12542781251232
15.0,29.66663134920478,37.49824506728956,33.72871237490586,35.551176967124846,37.22453905798412,36.19681321429239
15.083333333333332,27.774103020843928,40.028851297086106,32.44959102155476,40.251192577594395,36.099090865328655,38.336748180155986
15.166666666666666,24.731893762647495,34.81024598096423,28.441732047706438,33.98484456011393,32.733426937006925,35.01832483714809
15.25,27.26627796734793,35.0448703585421,30.691204072304835,35.522152425296284,35.56120068662318,34.631384137478776
15.333333333333332,26.1251290946178,35.594848098932204,28.609307076323073,33.11051264100431,31.80576076508578,34.015745538830984
15.416666666666666,28.743786578437927,38.022238456234824,34.299800956862136,37.552014574372194,37.75184999790812,37.212362196587016
15.5,23.033446191077832,42.8815250409249,25.74578877855013,42.37865587121529,28.784052183011557,42.467320878393345
15.583333333333332,23.346197065243306,38.938741358971306,26.586589113618707,38.52269124413683,29.689383427611467,38.921417237501444
15.666666666666666,23.641360377782327,38.88739364116056,27.312872210180235,38.48009372724535,31.325435746055827,38.9182588697632
15.75,25.669007345638587,34.24939902760207,30.385180962574957,34.0755541691262,32.70441678071984,34.40183764282729
15.833333333333332,25.7491714157251,32.655077570007876,30.335053922822972,32.28582221121493,33.556782151220325,32.420638282107184
15.916666666666666,26.92394523473306,34.968544544300684,31.61290048229273,32.98188517965541,35.47365266063418,34.03698031891914
16.0,28.43596395477354,35.951614224982464,33.02439244479354,35.8019722439364,37.52153534711981,34.97707645011343
16.083333333333332,25.243389131329945,34.070549884359444,29.57834430667047,32.96991849119074,32.92618606362864,32.215774099844694
16.166666666666664,28.381427344475995,33.163417905717715,31.73873814978103,32.29995340922009,37.073721754821634,33.44618817770251
16.25,27.101886615982338,33.039313143337566,31.054007009920195,33.24255007378862,35.114831357772786,33.09118199308155
16.333333333333332,25.25105164069597,39.58599123468231,29.400289664220647,38.45720922164519,32.30110142487676,37.964792076709465
16.416666666666664,22.74601752692783,35.04974211707725,26.14759769877451,34.98794507377556,30.29030629211159,35.08410951358391
16.5,22.551716695738797,34.522211666174286,27.24265119810894,34.60517310869968,32.57511923432908,35.08338679410961
16.583333333333332,23.15313316466128,34.6910071468699,25.96200094262054,33.425587989134975,30.326786784099728,34.15057269804803
16.666666666666664,19.4073199742046,38.42945792524511,22.32903953710728,36.992227313025346,26.184760207843667,37.71705155721632
16.75,20.896034210683215,33.56682372274795,23.766753097817418,33.60436964364803,26.449839638810495,33.85383111844258
16.833333333333332,21.51378750938102,32.33102903164659,24.708860809604587,30.58063182461575,27.967435531580957,32.022330114099546
16.916666666666664,21.81993569622256,32.84023930353311,26.115742002285472,32.72160326426859,29.773965942476057,33.06678004056371
17.0,21.238198966269234,31.889403290252744,24.013617853760234,31.94715736837407,28.008609656939278,31.81269646674777
17.083333333333332,24.118577705060197,31.744593266615862,27.640099283397493,31.2221506296385,31.132646955731595,31.179250704454102
17.166666666666664,22.19079678487021,29.08867138931289,25.82093882667773,27.363465015914226,30.001848667117283,28.086026372180132
17.25,21.81256955095382,30.493069993817954,25.397930775312307,29.263291613831974,29.662103416401703,29.95962910292475
17.333333333333332,23.122880810535314,32.70191783584933,28.18475549375481,31.984337583752406,32.70324922780422,32.01586302880254
17.416666666666664,22.306033699095476,32.708016725839435,26.20624031245912,31.45369162171134,29.675693425838524,31.743865380246895
17.5,24.0238742422666,33.65406255411324,26.63609297795097,33.78038492843286,29.33097457002507,33.88520649564472
17.583333333333332,20.562611864077518,29.548881998547216,23.59159900818444,29.21130358146441,27.53238509872192,30.711523336583607
17.666666666666664,20.30167938199172,33.045529179836784,23.128983600216316,32.53434950599215,27.349407416187784,33.161592842935825
17.75,18.909995231970473,33.71709743297407,21.84113371483504,33.304948275997475,25.112005934176977,34.291984352791516
17.833333333333332,18.895588374224086,31.878810334036828,19.931148510294296,29.97966750478032,23.93526438278107,31.132855937554517
17.916666666666664,21.311285798210985,28.632425330696844,23.260310389313222,27.931560986856127,27.485961159115323,28.387033922684633
18.0,17.944424703206657,28.414580373333234,20.185229621128503,27.39574225025857,24.35603809323565,27.409889433703377
18.083333333333332,20.101736939184114,32.47821205326855,21.80266727687803,30.565217251490903,25.796262750429985,31.71804983829811
18.166666666666664,17.053678554085604,30.40958947776052,19.273295686786874,29.071701093687984,22.900396043745257,30.311156769301505
18.25,17.572376509286848,29.292271213325783,20.67190018820096,29.687393526187822,23.925409969658514,31.158768235095877
18.333333333333332,19.726418872100574,27.541063289666052,23.084240470092322,28.507664930105534,26.431383200173965,28.395229712800933
18.416666666666664,19.27866206756619,26.100583798011776,22.91497550452406,23.29145075812221,26.765081693031757,24.39623777765296
18.5,19.274552082274045,25.667677404341937,22.508653527019913,24.536035981258756,25.72499655909606,26.017916298109533
18.583333333333332,19.658536403706936,29.023128535213203,22.07263059047279,27.88342602176199,25.88125772223817,28.56683265760102
18.666666666666664,20.60775949648951,29.669620640478,24.20834006807901,29.30143353941153,27.493728712194113,30.08386677670576
18.75,19.010948188742113,29.228417654590057,20.839274511656697,28.845925414256275,23.507087739512258,30.758214486527855
18.833333333333332,22.282115074657554,28.347855142694165,24.03125690631654,27.515349692688773,28.113585040127376,29.355590102310885
18.916666666666664,19.402506856084674,25.561324129007374,21.83090784974232,25.812272424906958,26.246229915464795,26.625644816467283
19.0,16.93381213582436,27.50016383208748,18.695909843046522,26.760055460025978,21.77925004433998,27.894418271281456
19.083333333333332,18.33902021648273,28.502281477658954,19.529492226154023,25.394337568903214,23.58895777704781,27.373454135402163
19.166666666666664,18.726400670747584,24.56354016018558,20.747158734565097,22.859520141368908,24.620724268788766,24.223469747785533
19.25,17.703975262713804,26.448754219002506,18.670887465992234,26.101506363815698,22.81218888702222,27.06659698542915
19.333333333333332,15.585384050991436,26.7066033622921,16.459783575897465,25.738488324710374,18.9444581878107,26.505300509155877
19.416666666666664,15.498433271993436,28.197868890458032,17.590290636302303,25.895287679823166,21.7554757605978,27.659424112380016
19.5,15.989973400944178,21.841493401383616,18.05970013813546,21.34331401639464,22.166026812404642,23.393803689582153
19.583333333333332,17.204145434031613,26.27562269102064,19.02151805373015,25.4744887863767,22.344080135711145,26.30564458843944
19.666666666666664,18.28238086721117,26.76408942068896,18.432390540759414,24.71905302995149,22.33213866936766,26.497821505195077
19.75,14.61383495546639,24.526490365406012,17.26139091269117,22.615022034287602,20.07822744963812,23.927171369819206
19.833333333333332,17.812446739980203,26.20663643462565,19.59410480443729,26.714533425688536,23.71055528041685,27.738598676766934
19.916666666666664,17.020238280748515,26.031332164523,17.758756585876633,24.970207962269097,21.23635031471716,26.46403120875436
20.0,16.731676999313514,25.28618627696544,18.92864100495964,24.883382990276658,22.093880710692616,26.187581323502727
20.083333333333332,17.167177333454216,24.085927133574145,17.484128300781663,21.807099112895163,21.37521693709107,23.829762887286204
20.166666666666664,18.158869974511855,22.46656491250805,19.62088355937291,20.929073141877062,22.907026408617376,22.48949236413194
20.25,16.18517014526638,24.542434095025065,17.115116804638056,23.262732768921595,19.998960848811407,24.724746792587947
20.333333333333332,16.328401726275587,22.910597799310644,17.244383417635056,21.732769567565953,21.682298469984175,23.361225360557373
20.416666666666664,16.41822601835385,22.467496889635548,17.824490608578735,21.783535256761716,20.745470187569676,22.354530984350397
20.5,16.519228728662927,19.292307614529218,16.763957227934434,19.409932175718073,19.190876393091475,20.597104572665533
20.583333333333332,14.353056890725762,22.797667383580976,16.08991823979669,21.32882444623557,18.882785897021652,22.509712963119295
20.666666666666664,14.743006223203793,22.864252257683486,16.135530891984075,20.909655342902504,19.613232115609932,23.382060212266932
20.75,14.579703852947105,20.374266038030328,16.04953025733102,18.64576710838024,18.95200898073722,21.024337221444682
20.833333333333332,16.335294921641225,21.47309084571005,16.990450221381195,20.675804637924735,20.49095588247876,22.587636388041197
20.916666666666664,14.058861429112117,25.95708373289037,14.91267744681105,23.505182366971365,16.93971707243024,24.8136128019915
21.0,14.470407679379955,22.722428053739392,14.64240825475166,20.948246438998556,17.594723758197716,22.274243384947255
21.083333333333332,13.792266575965034,22.237075146912108,15.540158693430145,20.584345913049845,18.063570848967412,22.16718969993786
21.166666666666664,15.409411603381868,25.098004069317085,16.135112245235426,23.43973263163681,19.405783299696132,25.522382449487385
21.25,14.678128466812447,22.62398778593075,16.28733568572826,21.415271591720444,18.971328291905674,22.347288203686126
21.333333333333332,16.41399803758853,18.599145289114464,16.38573395972819,17.408345564916953,19.9546824077571,18.380694952133588
21.416666666666664,11.675113403746325,19.220908745145994,12.293341822045273,17.891345255195034,14.401747521318347,19.622442278297175
21.5,14.863321595599068,20.39174589120533,15.537585169381746,19.734400307107975,19.64507440983061,21.325771252117498
21.583333333333332,15.448256667490421,21.62246821425083,15.896532084304852,19.712112560039504,19.936487072128926,21.045798351859364
21.666666666666664,14.198097544759996,20.022258176948593,14.696593442097514,18.85426127647894,18.179504332440843,20.080534188248368
21.75,13.789888871349955,21.44331815772204,14.086212847742923,19.123654461519127,17.170748796482346,21.342525632697903
21.833333333333332,12.904134872781313,19.645867916288918,15.190959881133171,18.168686440597078,16.849622174809312,19.439345674631433
21.916666666666664,13.35697061029931,19.42527847811402,13.384558595146753,17.917272663598943,16.35445291390436,19.01019185872709
22.0,11.747766912624085,18.392013503903108,12.32176923883811,16.7208793420789,15.248284698725064,18.83182153528655
22.083333333333332,10.506270354216293,21.919844032172776,11.381106452194803,19.67370464585345,13.383224210189097,21.695911355528757
22.166666666666664,13.375953916536382,20.55656820734899,13.629957567147219,19.042784772364303,16.23697089855374,21.154747937280263
22.25,12.778032256797585,21.175309318747843,12.798036489617582,19.345403493167137,15.583148864060115,20.57584985941899
22.333333333333332,12.06121290400343,18.225282757754606,13.133806381759735,16.866817177215253,16.048970979823746,18.632988569432733
22.416666666666664,13.504644326499273,17.877485631253073,13.977508481534436,16.52396466126503,16.48763463675041,18.01559454426616
22.5,12.7936268733767,18.943645523379963,13.187709850292505,16.803016257395683,15.997860373493985,18.21770460785846
22.583333333333332,13.771076994230237,17.207529527125125,13.321754120080678,16.09209010106949,16.438329415578725,17.21486954119207
22.666666666666664,10.952463407976994,18.716997093488096,11.707758497322247,18.34045084551552,13.64298964606043,20.031587659642714
22.75,12.062030258727589,18.39764929568718,12.504446630839752,17.154953912958568,14.480386279481449,18.788128119955033
22.833333333333332,13.665348286055481,17.242294120672458,13.699229943836224,15.73642389679754,16.22894278668546,17.169789110183572
22.916666666666664,13.163309543828435,17.152819413544805,13.240920516527462,15.730256777804609,15.851689407377338,17.087007193391575
23.0,13.111520656617639,15.846586604544832,13.026946896309786,14.494637291005471,15.587009161214807,14.982403084872967
23.083333333333332,11.049474643717776,17.537457091549026,11.859869531452807,15.25633166196542,12.575094043682736,16.984123296560323
23.166666666666664,12.154199733404168,19.51696881946232,12.44862205925088,17.762945468941517,14.668814390475168,19.529560535148864
23.25,10.729527147705403,18.17102950199297,10.866602731417602,16.741602201219912,12.302068903764994,18.066912021169895
23.333333333333332,11.820284505752502,16.938752379377252,12.442102798173687,15.485442143552133,14.001544617748714,17.149528158755142
23.416666666666664,11.632468164879917,18.18249931286914,11.0662839516447,17.10695244724153,12.767532428228689,18.397407746560116
23.5,12.145094991788245,16.924871796006663,12.195625442189563,15.14748955706596,14.22133820298021,16.01704686646411
23.583333333333332,11.658904168585488,14.377466568208968,11.86038501683615,13.273190506236421,13.4289968362201,14.945697819146728
23.666666666666664,10.774733164354958,15.70234087838414,11.220648231373318,14.088265312898708,12.85174901843332,15.20812588850083
23.75,11.416976296540827,15.197558843821025,12.008826569642663,13.867241634268538,13.121860348188338,15.043986114900358
23.833333333333332,11.58476037678088,16.49613003897158,10.755222454492161,13.813413749079281,12.968866354621033,15.602211133039441
23.916666666666664,9.9068541036865,16.314142704767768,10.457687418362891,15.094103562957239,11.26755385131683,15.997300251846285
24.0,11.342061721517553,15.162703253952628,11.954446429187536,13.296286560291083,13.31261256430167,14.993149208784768
24.083333333333332,10.609570633098208,16.183149301001627,10.720335780844794,14.161231637102498,12.408041403479917,15.146778405126737
24.166666666666664,10.682873635116202,15.979602049673169,10.981606114780627,14.358088467582387,13.788566055472304,15.332117760657766
24.25,11.384203561799113,14.403145898225864,10.460509851608629,12.647526025208276,13.192339767489461,14.29368562942651
24.333333333333332,11.045030128186477,15.879660041930928,10.979717742403093,14.623654830701437,12.95383505645926,16.468708144747392
24.416666666666664,10.178790116259462,16.26919016762385,9.668141813457822,15.357727278891003,11.455380945923789,17.332015947186505
24.5,10.175381580621561,16.061369847219773,10.38137376357095,13.506884898126122,12.059342797132011,15.78230852390285
24.583333333333332,10.040951807411364,14.219718591773512,8.727628728303525,11.884694277168883,10.43976488417192,14.210215224125056
24.666666666666664,9.096232697686082,14.800365885306922,9.017755244568729,13.867742756956916,10.1843569881797,15.056403164437631
24.75,9.87801586799091,14.341308071189918,9.98539118902967,12.97500211719654,11.250803897494215,14.522720085979522
24.833333333333332,10.850798192681989,14.451563286567657,10.394663557662897,13.438606817005258,11.843935057542302,14.568863039960048
24.916666666666664,9.579640881799678,12.739826151691739,9.878581712890343,11.36864138565856,10.965728205909608,12.45826756255989
25.0,8.941322938170819,13.540576026453465,8.845148215964006,12.090787053808706,9.971926291384364,13.301203530259423
25.083333333333332,9.156076429844786,11.51472913614173,8.682297842744022,9.860933844652077,9.723633972680235,11.345439779739486
25.166666666666664,8.534107851318838,12.88555688771388,8.06971893382143,10.794755994714446,9.545886170606526,12.522781081201732
25.25,9.965612583200924,13.052749219585957,9.154186777002298,11.505725880460707,10.6994033564457,13.039722253222855
25.333333333333332,9.067948591247594,12.469213757719075,8.602447817661519,10.851543568897675,10.286812727031993,12.523308537452934
25.416666666666664,9.03838891179879,13.218390013450483,9.774120046153104,12.306995783733766,10.943955960598808,13.63330218962151
25.5,12.042536781614418,14.488791332999842,10.92895341162034,12.95531620986213,13.19524897571497,14.066403539232825
25.583333333333332,10.257725032786198,12.789562381858994,9.442826032653484,11.793052390402936,11.826738336279488,13.726846297411594
25.666666666666664,11.126307797172297,11.753398077513655,10.238460556766091,10.79659194266063,11.014661153204415,11.551199056494749
25.75,9.312598309074167,13.609174914234176,8.587044290225732,12.391944302569433,9.66176969940361,13.907474145169802
25.833333333333332,10.155558594059414,12.85118039672857,9.81568107597373,11.419944766352586,10.979040914893666,12.802904214073969
25.916666666666664,8.5206284424638,12.759839833135215,8.805940822933998,11.224647778445426,9.197815107127282,11.772430081388247
26.0,8.899109725777366,11.905551163340714,8.683034118490575,10.837126372193774,9.630833608695445,11.709765730438646
26.083333333333332,9.68260762895378,11.584918168858644,9.556622718649432,9.695723611077124,9.973469553867865,11.884141976226038
26.166666666666664,9.611102799207695,10.437327025168054,8.82120101733708,9.179520089370982,10.425193105637495,10.620858645689557
26.25,8.951119391824173,10.607884660133697,8.940900216204238,9.764089029132222,9.728550654382309,11.342050118946666
26.333333333333332,8.74065925609975,12.559075821972659,8.891934357145999,12.028439335598593,9.342158471201806,13.749893846158013
26.416666666666664,7.553533691190512,10.924145658549996,6.903674520775312,10.062171559487473,7.88068807208861,11.027477155473834
26.5,8.459995954094998,10.743620966943256,7.6687993855149506,10.534035399216567,8.550062565840355,11.54374116331374
26.583333333333332,7.084575833326829,11.950094307870822,7.234555056777293,10.57896712745081,8.162365511173505,11.637693980149358
26.666666666666664,7.811413900501341,11.018469592576565,7.284277902667476,10.830243274548451,8.557542822285665,12.160564377419728
26.75,7.796451895257359,10.935526014615547,7.284505527148414,9.847369495251023,8.3744864592856,10.904076083024338
26.833333333333332,9.072130163844244,10.004812889639632,8.52986290979079,9.76637099836086,10.173858568912594,10.4446628312311
26.916666666666664,9.329975542379527,9.935305799870457,8.251112222864736,9.11180209687214,9.888372607666032,9.718480106540065
27.0,8.719569830213548,11.607700229109707,8.668062472102404,10.503245382804858,9.233362762886653,11.483342128087235
27.083333333333332,7.7114793666248715,10.169307600278655,8.3045025576533,9.306733915116254,8.77716592747888,10.336106185362707
27.166666666666664,7.781744786837893,10.255334580477491,7.402541471377823,9.741398660300593,8.235079806478655,10.2206148894353
27.25,7.821813338288925,8.69634500478964,7.028103786372449,8.385288102362185,8.075198202789894,9.553041908981703
27.333333333333332,7.727033826615026,8.51586717873555,7.562634328951039,7.750219573847214,8.564439056743751,8.585284686783245
27.416666666666664,8.477236419727758,9.958762943593634,8.770949568253142,8.443279905726103,9.39470927731287,9.528349370130918
27.5,6.848767631482281,9.148320623080528,6.63339568711233,8.600548621583394,7.496473661477372,9.927143626124659
27.583333333333332,7.647128519434786,10.715407364860813,7.538152216695459,10.189702728453685,7.84434819866512,11.050672090664166
27.666666666666664,7.679557746300833,10.737360775926122,8.227966879329285,9.898644680692996,8.575057610419043,10.58761784499371
27.75,8.586649410421817,10.034312042502325,7.9209441009184856,9.12274174796706,9.355528404234716,9.5437508243949
27.833333333333332,6.904817585006653,10.276795982696788,6.928051351043012,9.72224504801272,7.097753764109592,10.294695347150997
27.916666666666664,7.049612433581261,9.408646885403657,6.94297680435963,8.513380674740844,7.305282398375146,8.993693269123245
28.0,7.161004933391281,9.227175918176949,7.046192811060554,8.094853918944352,7.233653182530108,8.808629041277658
28.083333333333332,7.65037167829507,8.41711761272455,7.744889220633115,7.779491739812448,8.309226114054157,8.460212263716253
28.166666666666664,8.182575090621778,9.091824911020835,7.601887207544418,8.246508268112938,8.496144904219284,8.349541245141962
28.25,7.4108061848063524,8.956876494834166,6.628429246085092,8.772867555547569,7.980079963392406,9.196038945042996
28.333333333333332,6.739524045716576,8.461673964551482,6.211969375060674,8.24522935372014,6.164406648729225,8.851318843953946
28.416666666666664,6.680743561637368,8.792419664907396,6.822026911148203,8.221496319350322,6.940646696526469,8.90979495705537
28.5,7.004533987498799,8.24683738739908,6.22829871453387,7.368620176150055,6.790551501656531,7.728576707714175
28.583333333333332,7.22091969653206,8.340796182105578,6.738946309244473,7.7782613619827945,6.898607785368038,8.099523795561243
28.666666666666664,6.958077589511023,9.077343363851954,6.6079863729020865,8.076997308401634,7.301937182058332,9.280074578014439
28.75,6.008574419592805,8.686207430848459,6.3178636227857625,8.04099447298926,6.537388835944365,9.03131059795625
28.833333333333332,7.015352801613724,9.96342487692673,6.942033684206937,9.844637842516283,7.344683261619157,10.416332835220317
28.916666666666664,7.297128991773941,7.598923584583938,6.913170398349674,7.040241185915239,7.722702429837214,8.099057766705867
29.0,6.350983363348018,8.64920473605207,6.129476744103017,8.13282097094177,6.468917415780217,8.335742114832385
29.083333333333332,5.4590282290604835,7.500712563437008,5.8660429543317125,7.106652171617146,5.979193499054094,7.307202246138921
29.166666666666664,6.239657971376722,8.494314150152494,6.521147576008327,7.646923273481725,6.264267545806784,7.70152929357312
29.25,6.592834970447976,7.605452887069173,7.17436698223654,7.159401037860562,6.9331172654355475,7.868679168452536
29.333333333333332,6.811077883950056,8.369376223436031,6.296029380358772,7.391810881741402,6.860523469552823,7.97590657428943
29.416666666666664,6.205048707531383,7.406469271730577,5.737727614836584,7.024844048797238,6.7619485487258295,7.492809515875696
29.5,5.710350304815869,7.8155432104935265,5.773635132161857,7.211386326001109,6.428227058026128,7.474710721615895
29.583333333333332,7.043642647142025,8.319222450221618,7.655727645499053,6.889093795698864,8.96799208333422,7.921706705128503
29.666666666666664,5.658931267990608,7.342471307225295,6.178606624070077,6.746712753197676,6.483169845980135,6.845713618090183
29.75,6.451190865200507,7.790981914581245,6.66480467422315,6.651532665057721,7.347045323866631,7.459381827813738
29.833333333333332,6.604504745897731,7.34934123594059,6.8368164441928965,7.146786631544034,7.4663908736943485,7.7658526391720475
29.916666666666664,5.221584897754805,8.30277814360756,5.128451747852998,7.7964708681698225,6.081161393034133,8.731480215346958
30.0,5.452304568126063,6.7618654262745,5.34584435554405,6.5659240101890095,6.02409672827799,6.831576298439251
30.083333333333332,5.87229133681132,7.413659595727103,6.032597001749561,6.678490536792239,6.282276194950573,7.091572704792039
30.166666666666664,5.378619659082104,7.823998263647542,5.107300979970135,7.098979540759336,5.198460368241432,7.6810580874070284
30.25,6.324717519436022,7.845581552646114,6.550253198293573,7.055005766752429,6.577992242253729,7.225584817032056
30.333333333333332,5.167086864920953,6.11646178864482,4.602410481124466,5.931811133050175,4.744011073983857,6.2835193940768335
30.416666666666664,5.594337154552017,7.27141948545705,6.279538720839278,6.484071883187688,6.151712458316782,7.5182543067270275
30.5,5.334310492453436,7.2522005870792725,5.73930207492399,6.570436928547947,5.9609495682802995,6.9644203803232685
30.583333333333332,5.363340901682394,6.883470301538996,5.137214652987735,6.027274142143309,5.862189629362968,6.45880702229479
30.666666666666664,5.359716013225397,6.278551440452355,5.796910200799018,5.662347242931784,6.212546282066862,5.970820679266942
30.75,4.852883692465118,6.686324443017037,5.087708024403058,6.186578882003472,5.479670415502617,6.551422753349286
30.833333333333332,5.853395533946099,6.507250139461277,5.558572182982502,6.526648869716887,6.001099088796678,7.105005358617138
30.916666666666664,5.744686391246209,6.196834771360317,5.841120756567952,5.796744914000663,6.95691298444861,5.50195943906829
31.0,5.877751098921433,6.852481023498584,5.843662236522316,6.3717561622819705,5.988012523041455,6.9955515473770475
31.083333333333332,5.671451094926401,6.403412314139589,5.605297118948948,5.915798044693365,5.595271759391398,6.156201651019283
31.166666666666664,4.924006954638083,6.455682429953881,5.410378983720298,6.569977625568556,5.7615287046732835,6.741273440349404
31.25,4.815044375014462,5.805537362829819,5.304831079894423,5.319705361514081,5.468190252476989,5.504640757584672
31.333333333333332,4.491532574656579,6.3539259927736165,5.271395665821897,6.0730803895499665,4.708065123629508,6.94609748846986
31.416666666666664,5.457438338118794,6.254343205653492,5.208007953464239,6.505663427553386,5.317305065965055,6.766749576037193
31.5,5.0463096298475225,5.787306600044463,4.866952840008636,5.392871887401662,5.105620604252067,5.837919282996597
31.583333333333332,4.885387230913823,6.147565412153909,5.471926495994098,5.4884052057631765,5.195603456070339,6.1018405388394354
31.666666666666664,4.3560254829889855,6.011058788806361,4.885047810214296,5.6487531438614145,4.7009122730564155,5.9029435258349965
31.75,4.726615164848527,5.94456442939749,5.011743743819186,5.699047372283888,5.266207207412003,6.007104142353323
31.833333333333332,4.995689961331527,5.5334949924710495,5.167414297508881,5.790011907845535,5.203430805716785,6.158017555625021
31.916666666666664,5.2119621803150915,5.641846185712367,5.0029853845172,5.519334628770195,5.481185728052069,5.590183640279977
32.0,4.974600010209554,5.44523540096989,4.759099624617188,5.860784308748335,5.074694235207151,5.870749928131653
32.08333333333333,4.743382028452913,5.467412568106694,4.380591956378913,5.588599087839467,5.0198797882959685,5.671133735751007
32.166666666666664,5.948316141613276,5.773193069741255,5.577651527190717,5.511209905804919,5.697357287408836,5.572965671922616
32.25,5.671880575131074,5.413665723908518,5.230431341630753,4.8736813053852055,6.221998575152764,5.34295453108381
32.33333333333333,5.036248831345604,5.308150030715138,4.586183055669221,4.98578486560171,5.152703869970299,5.403796988139196
32.416666666666664,4.606811228229819,4.784346515160036,4.423513529697368,4.620597254645019,5.191207573148241,4.729767029862847
32.5,4.3046026201578265,5.149333734595388,3.9831532893329338,5.079688306826237,4.4375728250564075,5.3952561914151085
32.58333333333333,4.063573499353253,4.530102387565028,3.9291324617177477,5.176233299566155,4.600826148778009,5.136127272981961
32.666666666666664,4.5957163834939445,4.995588086409751,4.601977785876524,4.7941681729937535,5.09257827549394,5.471338379149149
32.75,5.104483056432997,5.375599489112897,5.284265989795021,5.646031153981575,5.411129842647836,5.85499462668543
32.83333333333333,4.960114922207433,4.7524843716980225,4.905520448053238,4.850891446923899,5.539284125316674,5.2566724437493315
32.916666666666664,4.241217061928717,5.209293400119992,4.468111713747976,5.205930063430882,4.357989778957208,5.288871454371544
33.0,4.526867599099774,5.081985555466847,4.7370045669669105,4.792630826582632,4.887083807125405,4.5520842268698685
33.08333333333333,4.73504468002189,5.0501685542908215,4.305853441800841,4.745249496762746,4.722434322646579,5.10562301021556
33.166666666666664,4.888459391801365,4.5221412839345385,4.291841040595426,4.89717347972527,4.37415790171417,5.435243669968128
33.25,4.581363733014299,4.963982104758752,4.488663606675538,4.823537843477297,4.4354563222399666,5.234173073169148
33.33333333333333,4.767165174319602,4.682852700493461,4.755009314871076,4.915546187661025,4.75122444108305,4.995359787194571
33.416666666666664,4.421188678034348,4.522434762248014,3.622099431354243,4.629046483220666,4.069458840067726,4.905161079546581
33.5,4.380331007257635,4.1123870618386436,4.180243440673994,4.0951060802307415,4.163762087006358,4.201457744973258
33.58333333333333,4.565978865337768,4.565802560352211,4.193956514718874,4.590313491830239,5.06562696495603,4.848674707825969
33.666666666666664,4.515042846028626,4.0451154038671,4.053077937694008,4.063293111035455,4.662696179731271,4.576306723316691
33.75,4.754867748162788,4.297623977378728,4.513654963879349,4.90383553023236,4.25500668841446,4.959645634270493
33.83333333333333,4.525078958900245,4.697973690792763,4.659280008239721,4.645355317624668,4.773092246626075,4.3810435474245
33.916666666666664,4.565570679267872,4.1851656424052575,4.331295611571138,3.621772899066115,4.494819351320963,4.05993982091438
34.0,4.50016269136607,4.701524017275234,4.494664079248542,4.910918929409803,4.142302376374299,5.264230820114251
34.08333333333333,4.443196655845589,4.484688750665528,3.958354502021215,4.45637522620318,4.3239487614618755,4.40510759461076
34.166666666666664,4.220495043705017,4.0045191340972295,4.074707928360978,3.7641928731858747,4.1488013199884195,3.982517893736067
34.25,4.533515596111393,4.031970341186651,3.9986106371441275,3.7691476680628284,4.286586095111365,4.30320640943415
34.33333333333333,3.7191217313722635,4.2892650718039205,3.63959793512402,4.563488733590099,3.8784141967353216,4.534969494327191
34.416666666666664,3.8778423092732655,4.13251999757828,3.824999160950994,4.268569268940725,4.04787207845638,4.558368116319839
34.5,3.723168955536951,3.9008277651476675,3.7273386102969317,4.214852002533106,3.819066259138214,4.496981615742404
34.58333333333333,3.5305378748911864,3.7153051893291225,3.2047723753034902,3.616947288610146,3.505206314370565,3.971023776761847
34.666666666666664,3.2535798259355886,4.103455328737634,3.4068575684713998,4.125398448926991,3.7896953438913186,4.249394012893434
34.75,3.8314386004642893,3.8084116215925703,3.9226924010102513,3.695721352448749,3.934338124582255,4.263209621467806
34.83333333333333,3.675968654703188,3.706979690337383,3.692865052045705,3.70110758280005,3.912891638066151,4.0479486676748
34.916666666666664,3.5167482645613983,3.88235851551206,3.4470449942625536,3.760282067882578,3.9160312536656146,3.944515635938158
35.0,3.7484046833891638,3.9573481675927704,3.7795587481848627,3.6774743386939717,4.1911411829897895,3.7689299092955895
35.08333333333333,3.291137016636838,3.7246221299354962,3.5427257166568316,3.729830511449099,3.738807778372486,3.7092588081154996
35.166666666666664,3.2367991739780035,3.561239600012541,3.2643887584250115,3.392219123892868,3.5943284837211196,3.8055835976587837
35.25,3.1254811765912036,3.77450744139436,2.9905233242481923,3.897472995923572,3.2822586217323666,3.7226742191688142
35.33333333333333,3.17024245609593,4.136274623338907,3.524586662174019,4.09236460342838,3.8050778210474414,4.33319810353539
35.416666666666664,3.5336035115597677,3.5761219041526195,3.7850410750224457,3.786570979383564,4.180297108287429,3.6601940325626585
35.5,3.3453428690531246,3.57044261607982,3.331666849236588,3.6527044497733843,3.804920565533115,3.6448387727026375
35.58333333333333,3.3767892450243906,3.097019357087498,3.638307424343983,3.5131457796054772,3.3666862345630224,3.438242693961239
35.666666666666664,3.5062741252342677,3.164392883173378,3.4747096641469732,3.418827419978322,3.76766294863521,3.5353757034171847
35.75,2.9765991620568504,3.153446738065502,2.8454240409244527,3.1425954617347465,3.143115518785762,3.391175068958887
35.83333333333333,2.8187507190445715,2.92874522673221,2.7388762464444096,3.269762171844014,2.83647583035773,3.5699328701617294
35.916666666666664,3.3434510037813037,3.5789410502785612,3.4611784502360705,3.399989159234656,3.2293256719092445,3.7890141530917663
36.0,3.427856387389298,3.651502862475175,3.114362067658715,3.7532983237814728,3.084428794681841,4.232195906958561
36.08333333333333,3.7469176007020866,3.2358482185573667,3.754018498314961,3.312289689166349,3.7631090824092412,3.2711933343578696
36.166666666666664,3.10979724710643,2.968378031243944,3.31762109933932,2.8293344911018794,3.234638776787337,3.101273908691827
36.25,3.2236860945315,2.9851105383675156,3.2117538987143335,3.1387889011038945,3.762962203942779,3.136719515247354
36.33333333333333,3.3574574703742934,3.296768145723645,3.2704322151016854,3.3869102857866293,3.1624879231950196,3.652563405363273
36.416666666666664,3.0322435695639482,3.3333689850970396,3.379491930782716,3.1338146164840834,3.2800908769151325,3.2094524930023662
36.5,2.6512851262605936,3.506440194750084,2.913855933720385,3.3012891139231297,3.129439822493316,3.398910686823116
36.58333333333333,2.720491517270396,3.138401570273614,2.833794106655352,3.117895840113519,2.99613830532912,3.044483475634141
36.666666666666664,2.7867497619420676,2.6312952223589283,2.9686911961046527,2.9083909811889406,2.830898983563639,2.9629507879596844
36.75,3.05304836497731,2.807779382064851,3.139251188739105,2.8074252398900095,2.9683576706642185,2.924749710109687
36.83333333333333,3.026645513812044,2.6372813125524037,3.150535035353956,2.8307204577346754,3.0829442465496792,3.0015090420859867
36.916666666666664,3.0499006985030435,2.9555451542340045,3.0382707018961717,2.913206349178843,3.2992265543355175,2.998017694047933
37.0,2.726556729665157,2.8441723866570916,2.7725701193154477,2.693848070262405,2.823858177414415,2.7300037071763468
37.08333333333333,2.513769468796787,2.7576475799175504,2.9735095169229,2.5794717051529727,2.7529049583648866,2.801599293491411
37.166666666666664,2.3673984282725566,2.6050658282676493,2.41771752545063,2.6766931676745487,2.442413854157525,2.76050947684047
37.25,2.391415708717848,2.848333545274991,2.310017937710991,2.858213755500784,2.1705060780708596,3.053311661082937
37.33333333333333,2.527341731408174,2.783834869453531,2.75933886617147,2.605308390100812,2.9213545454146543,2.616122802530735
37.416666666666664,2.302108321698613,2.79725484863531,2.247452781754804,2.693257051826167,2.230890277405967,2.8245693209264395
37.5,2.3583220362306747,2.665469905356378,2.582525176219238,2.7029870053794185,2.4969749725963046,2.71039024292718
37.58333333333333,2.612108618582326,3.105064327853324,2.522258847884386,2.7818627247980126,2.7952030786332025,2.713264666222948
37.666666666666664,2.5793684911938572,2.634096934310199,2.832655833564201,2.550673062127748,2.8359357083963372,2.58169604834983
37.75,2.1131767725399566,2.6536129796875714,2.104688988249743,2.4368663768181675,2.303374746158779,2.399028591365895
37.83333333333333,2.356455587143582,2.4314710673448707,2.220421714879842,2.2229206439966673,2.2410830640839974,2.147868768641642
37.916666666666664,2.140390341432469,2.480052572285505,2.16345937574296,2.405299583200428,2.1830631759975745,2.479760429307929
38.0,2.360625401136046,2.2618217369519633,2.509460949797593,2.283630355006925,2.7409301005005386,2.345367367183525
38.08333333333333,2.5168369343052066,2.3466163994947977,2.5607289717124986,2.3270599929420053,2.73289058457552,2.397597054537206
38.166666666666664,2.5540198294274075,2.1991926667447728,2.669763526983458,2.062013967661076,2.743780929220404,2.0477367382929663
38.25,2.2339042816419266,2.4220095652501126,2.0183743895760373,2.2832103406821718,2.129460103231051,2.348511897688846
38.33333333333333,2.174114142411201,2.1207616567869563,2.135479420411642,2.119796119453352,2.238667477430758,2.205285883915202
38.416666666666664,2.1178202942331383,2.2191099023625114,2.0445608665329726,2.049018757432498,2.009741700871307,2.018163854270259
38.5,2.1661613043206027,1.8851330326937457,2.1034469242128826,2.0507545740033577,1.8591287928590128,1.8472133109308626
38.58333333333333,2.1408035283833597,2.1080202128086802,1.9118414321727975,2.073651310660514,1.864422495124625,2.063463749293091
38.666666666666664,2.1905809319964127,2.1244819493199176,1.916504081279302,2.114042024705114,1.9648243405530785,2.290258291343426
38.75,2.1319951447628864,2.0310316487801945,2.2784160453875733,2.067459608267779,2.097472996049255,1.996062744084658
38.83333333333333,1.8100673690520808,2.273556311150858,2.102946568679436,2.2738629606483216,2.0484019165330034,2.1997042887599387
38.916666666666664,1.9955780753795453,1.7894490647221986,1.8555703373754953,1.821759117348258,1.8920746327247155,1.9319856192227847
39.0,1.9733517693181721,2.0281282381079637,1.9655868318163658,1.7860111491663404,1.813323850662494,1.743528111436799
39.08333333333333,1.9872118972406534,1.7653541129084616,1.7439282611331997,1.6894753446615374,1.6791771574884544,1.6519675594456726
39.166666666666664,1.9824968250149597,1.5845396577051996,2.0083643099480617,1.5628608833915174,2.081948773320332,1.4592489218071178
39.25,1.3971137185543312,1.5507012363931896,1.3733467796502277,1.4675434619632632,1.3698243002982071,1.6048580555125538
39.33333333333333,1.879466428096727,1.6082767608445538,1.925054523838692,1.5118025014650813,1.933979610866807,1.5470968302721866
39.416666666666664,1.7091987124724137,1.5404574843101217,1.912684629606126,1.508433866734722,1.8747990163752577,1.4861941001299537
39.5,1.4739557010690372,1.580352340575634,1.5569851838553934,1.5933596593614168,1.411347240356808,1.570222130602427
39.58333333333333,1.440857045582397,1.5245070275109027,1.2661873991151258,1.4752354518423847,1.4324065359727383,1.699413368522234
39.666666666666664,1.2896167904354834,1.5290043638863988,1.3695483696573614,1.5207428084157046,1.4152232281036905,1.5473357817352986
39.75,1.4013096013021706,1.3943618591707214,1.454278168352946,1.3411181038336437,1.2989350762873166,1.4246057997857762
39.83333333333333,1.472685571533558,1.3153186461076272,1.427334795097797,1.4205672404614262,1.3027404310542425,1.3477987282229185
39.916666666666664,1.2227007932741638,1.5528677143176546,1.2539242202814842,1.5425721252542628,1.252832419531998,1.528886439670844
40.0,1.3723527693041702,1.4312685826129308,1.4067223006320622,1.3471450053493412,1.4446268447333055,1.3610853625738948
40.08333333333333,1.2184363986142759,1.3761441019589582,1.2034170376957032,1.314734623895802,1.1819363456158725,1.2634596502599518
40.166666666666664,1.1800677461313387,1.2216928425555673,1.1463160153844265,1.2306628155488273,1.1355627421751888,1.21070390012259
40.25,1.164890876717864,1.1266485748391946,1.2035008131061966,1.108130625897965,1.1883586634120826,1.0837865937113778
40.33333333333333,1.2062262955200618,1.1568420982147145,1.1356842929522117,1.143214140835518,1.2286969104179397,1.0703413794355157
40.416666666666664,1.2016424356182966,1.0263095316194357,1.2085623289589975,1.0824797621985212,1.1674686860814152,1.154049595048029
40.5,1.051067170004405,0.9873949973005605,1.0323892981496579,0.9786641446571885,0.9623547168285042,0.9904407622445597
40.58333333333333,1.050183948444881,1.0146904088882451,1.0715227252410136,1.0263431191259562,1.0567839161542714,1.0028065003414186
40.666666666666664,1.057479065138511,1.0432895964449187,0.908204714738519,1.0448376451233437,0.9532940968597443,1.0304605515911627
40.75,0.9195976481139684,0.9010675118747564,0.8957717005504895,0.9237818796398105,0.9214547813143252,0.9343050202690754
40.83333333333333,0.9048946388384855,0.8191524140567374,0.9694599277170344,0.8765065556577978,0.891039426250552,0.8803389895773143
40.916666666666664,0.9248815081361415,0.7772488523502129,0.90777174685372,0.7604740465195949,0.9434672132173323,0.7593073254890571
41.0,0.8384018612861053,0.9142042297632876,0.780626323624711,0.8462228319655953,0.749954773791506,0.8051268328347639
41.08333333333333,0.7481939349690013,0.8574083987735553,0.7626558270366921,0.8498383828280068,0.7174714830215355,0.8334528482532376
41.166666666666664,0.7469691808454173,0.7893692372764686,0.7664041797392007,0.7578418230902149,0.7761949280037272,0.7346182883801077
41.25,0.7956412464087869,0.8604546824809529,0.8728436909676045,0.8339194226877437,0.8178894045459062,0.804583723902735
41.33333333333333,0.6902146238034611,0.7914741299325572,0.7651491708065009,0.7380402978002104,0.669163681131563,0.6955981478891526
41.416666666666664,0.6977395158918036,0.7267089268317954,0.8079466277737947,0.6737426602469482,0.8309288569308096,0.6936144919669147
41.5,0.5762274670154762,0.6555869914315672,0.6573430439985518,0.6242646184614712,0.6745809271781257,0.5844383988317581
41.58333333333333,0.6463279634201542,0.7278299468707675,0.611886480764646,0.6939795477114636,0.5571372203161319,0.6229750440198355
41.666666666666664,0.6288555749716064,0.5750552902098498,0.6479840175337677,0.5798161471607689,0.5722951647579955,0.5919245094733343
41.75,0.561344909430281,0.5524048696419837,0.6371809134502243,0.5557022114509035,0.5938835557937296,0.5391466204379569
41.83333333333333,0.542829147796817,0.5496414800461547,0.5853481960836,0.5284968375533025,0.5003707539828475,0.4969283314242656
41.916666666666664,0.5520680061515492,0.5307549264830378,0.5348109796830662,0.5317305414405887,0.5339508099266492,0.5493759510529038
42.0,0.5043467841677308,0.5977246232640638,0.5542968860976909,0.5632538022758884,0.5803517714476806,0.5412180171916336
42.08333333333333,0.5100813073783617,0.5266531376599461,0.5429848129212617,0.5541193303165147,0.5786073747659989,0.5002071409245072
42.166666666666664,0.49087110499845216,0.5709595450465071,0.5052892767279407,0.5059636183161933,0.4995376200759525,0.5008576819475861
42.25,0.45562663660268693,0.4987925368042202,0.39696573575774735,0.49347897920611106,0.44190506206000846,0.4932322894131577
42.33333333333333,0.41690963887563337,0.4508711561672486,0.4150518085209411,0.46045976556474266,0.39465211810262657,0.4812254134427416
42.416666666666664,0.4567214460954072,0.44789953845323494,0.44765891478887493,0.42582985157637865,0.4598966518373171,0.39674350716979345
42.5,0.4431090365573716,0.45019242769814877,0.4228088399863889,0.4548663513964552,0.4303149187393334,0.4123605796286306
42.58333333333333,0.3733166234348616,0.448600101549986,0.4103536535237169,0.4073697103462435,0.4012764821350972,0.38472696861220185
42.666666666666664,0.37790645059921174,0.4032739182217947,0.4064536127020798,0.39782361151203927,0.41317806421315745,0.38301110729080784
42.75,0.35230677747634276,0.3960757223932199,0.387339746307122,0.40874812643936986,0.3572196998694463,0.3743946933910662
42.83333333333333,0.35429751363531187,0.39336657078738,0.3478429655112219,0.3611572755107504,0.3508655718155923,0.3387811974006464
42.916666666666664,0.35161431673948135,0.37452603395587986,0.33804270549364784,0.3563656655792838,0.33846266345721066,0.3424863980409891
43.0,0.33552729649171464,0.33926541565803514,0.3315559148471058,0.35318409120425004,0.33569215878625996,0.34399601503401694
43.08333333333333,0.3711279940243852,0.3294418594018621,0.35697944781469954,0.3381829319910037,0.35930807286696936,0.31597508530301005
43.166666666666664,0.3123285092889141,0.34629913687263747,0.3086711853339638,0.35966701282879426,0.31901851665243114,0.33568621944142396
43.25,0.3309706780116251,0.36295069456382345,0.30805567157154246,0.3562907479521502,0.31645260077769527,0.3155763061784368
43.33333333333333,0.3323233872023763,0.3158079850721904,0.3322516232678478,0.31771925272448986,0.3435697105891637,0.2962798365423221
43.416666666666664,0.30970573041844907,0.33281423350104705,0.31126505418399775,0.3424277524971576,0.33566288907880576,0.30489884484230567
43.5,0.2782923628051936,0.32067432938361884,0.28779241550943796,0.3364385505442417,0.3006808752629333,0.3126373402119778
43.58333333333333,0.29756719045841423,0.3178911078302505,0.2629901576093925,0.31359237856788236,0.2862144996741987,0.30211580935578264
43.666666666666664,0.2879877516058709,0.2935388297897308,0.27816296941683344,0.30182817741239687,0.2766567269698923,0.27913668776812106
43.75,0.26943039815722547,0.3044750794055405,0.26234409530921265,0.3161780473580791,0.2717422369064694,0.2945079977626594
43.83333333333333,0.2555518020032803,0.3012909013510074,0.26400583230520724,0.3040475205772996,0.2572761230814212,0.28627859768350816
43.916666666666664,0.25398930068423564,0.2940205395082852,0.251893817765256,0.2922225059367121,0.2708307850876872,0.2780626645104196
44.0,0.2646386186372116,0.2902796207952759,0.26489104268005936,0.29227922785656735,0.26454431454143923,0.2756388756105051
44.08333333333333,0.2692133567673135,0.284913005694175,0.261401581732669,0.2803165646657974,0.25048276976597766,0.2673797569563662
44.166666666666664,0.26107150827183156,0.2806984486507812,0.23808827942423785,0.2891158086762481,0.252866952253763,0.2611978528024326
44.25,0.2579631751760466,0.2872560352148397,0.25376496782090296,0.2941816886346665,0.2505984550564937,0.2698919042046236
44.33333333333333,0.2574765107942009,0.2829179918646864,0.255666229144908,0.28523766592947375,0.25379914574149903,0.2559826393424602
44.416666666666664,0.2496720037362595,0.27747464247820025,0.2447259910895539,0.2808671538782223,0.24470656985239225,0.2567895541065945
44.5,0.2396492017159269,0.27087786849347084,0.23594328743640047,0.2765757725674714,0.24901658012399047,0.2516162311814499
44.58333333333333,0.2521755411126286,0.26778557468673475,0.24300924181774833,0.2713402109632791,0.2437734849750633,0.2562970605278693
44.666666666666664,0.24052401922679414,0.2673389102415723,0.2438232846257232,0.2749210067789794,0.23924534665021768,0.25467074119212196
44.75,0.2418231752479087,0.2645978690986638,0.232005320638527,0.2696278054242804,0.2461430667746372,0.2463530258328852
44.83333333333333,0.2374001081147258,0.2685343729327252,0.23922719664588643,0.2730171355095926,0.2378898282279112,0.2521625892905369
44.916666666666664,0.23515086114002895,0.26594533489679045,0.23584997439495226,0.2686650365836162,0.23606573115176482,0.2429546863850394
45.0,0.2314417721294382,0.2662877373791653,0.23156882701111295,0.266554751090503,0.23630481637352888,0.24153423063716623
45.08333333333333,0.22949981448385806,0.26282563762073985,0.2295851988187828,0.26452717211738,0.23033238579098347,0.24226408278032938
45.166666666666664,0.2315488068296662,0.26282041485515434,0.22985778380825267,0.2678322277706912,0.23328312204829071,0.24682338705935158
45.25,0.22818193980156107,0.2605129333942872,0.22862116968040783,0.26566213879323647,0.23093806108537027,0.24567720417368852
45.33333333333333,0.2271077642813431,0.26050796110661617,0.22640271467705117,0.2646585294846023,0.22887324922181676,0.24492885930120892
45.416666666666664,0.2259614318428092,0.2595882569682678,0.22500717250056798,0.26364682562090647,0.22975806861521347,0.2427969143643821
45.5,0.2239507259260986,0.258612262495156,0.22285735128547685,0.26161100556002465,0.22604223850124835,0.2398773807524068
45.58333333333333,0.2273415586048988,0.2570085842896578,0.22398300267989307,0.2611146612295201,0.2259445993668151,0.24127207381835886
45.666666666666664,0.2221507847129321,0.25429147355873827,0.2214712049637069,0.25916362942181964,0.22536802841411277,0.2398923397695553
45.75,0.22214433796045951,0.25316390443214837,0.2201839252991226,0.258781988083247,0.22195863483199155,0.23943421085134528
45.83333333333333,0.2223426906918846,0.2538124918570424,0.2214628753899868,0.25789184696720474,0.22308409196092294,0.23830849439242824
45.916666666666664,0.22091374687922752,0.2530903721253974,0.21912738042028643,0.25646213602426743,0.22307426803030683,0.23654629846487635
46.0,0.21928837037446738,0.2530147101296986,0.2185417379875799,0.2552742648442533,0.22112078670471472,0.2359749871933877
46.08333333333333,0.21886907320566729,0.25120769425703726,0.21843888009170154,0.2554448482890432,0.21947972734214347,0.23636982767789014
46.166666666666664,0.21745439736935737,0.25056314798448864,0.21847897716126527,0.25549671659848805,0.2200157373958007,0.2356757315012658
46.25,0.21751832222699785,0.2507660362644602,0.2172142357217987,0.25389656843200353,0.21964902867274277,0.23504081694544815
46.33333333333333,0.2161983147843319,0.249978213115375,0.21689019576669644,0.25340218291108924,0.2185229180220482,0.23457875201915013
46.416666666666664,0.21505332885054057,0.24897932465602288,0.21566252299242944,0.25291343487295964,0.21899841110317683,0.23413581099108072
46.5,0.21495002589771622,0.24846329016807658,0.2151504974110557,0.25243310504469074,0.2173924916628207,0.23365545824594336
46.58333333333333,0.21402482638657574,0.24813015224944351,0.21465338419430469,0.2515847123117727,0.21727646600847836,0.2329633784827721
46.666666666666664,0.21313680802500026,0.24754907879913834,0.2137536399114287,0.2513505763026586,0.21706533008207782,0.23258316863178496
46.75,0.21240033337198966,0.24717678870306792,0.2134645093458052,0.25070181972608974,0.2162084840766637,0.23224636052555497
46.83333333333333,0.21191610021761656,0.2465619164131299,0.2128845894044923,0.25011493760058456,0.2155887818353846,0.231879388992884
46.916666666666664,0.21111743488372411,0.24615444858899088,0.2121469064633441,0.24986259592524662,0.21506448906077577,0.23148242855543158
47.0,0.21047904628999975,0.24573965431766281,0.2117556081387143,0.24913138021642814,0.21461758490596541,0.23097445977261757
47.08333333333333,0.2100604023610952,0.24523535006140781,0.21134358688257812,0.24866519010799165,0.21411306876805303,0.2305164630622054
47.166666666666664,0.20938476353493118,0.24486779482713372,0.21086245672532034,0.24815363123987924,0.21389076933175136,0.23004054982144326
47.25,0.20885438059438036,0.24444142745332328,0.21027336054580595,0.24781132038727238,0.21344705153030746,0.22981003779209133
47.33333333333333,0.20825702901584292,0.2439444910477293,0.20988372967869307,0.24736126247570997,0.21298506208968618,0.22948452100602293
47.416666666666664,0.2077445187740346,0.24355810814705556,0.20953300132683755,0.2469393695091141,0.21256508280780417,0.2290809531879878
47.5,0.2073343179713665,0.24315308012599318,0.20904549570012496,0.2465316296765305,0.21227856818957122,0.22877593372363308
47.58333333333333,0.2067739407162977,0.24283157802422156,0.20867776856617112,0.2461463815977976,0.2118911752059669,0.22845892355074196
47.666666666666664,0.2062442916143231,0.24246301079655144,0.20819768918947562,0.2458206033753299,0.21147306177027816,0.22817408696364372
47.75,0.20579895256159067,0.24214501084042342,0.2078348142190681,0.24542835621854103,0.211171584774754,0.22785496947666092
47.83333333333333,0.20533699360837276,0.24181607559040474,0.20746574113989527,0.24507660019142807,0.21085839705163048,0.22759407813194574
47.916666666666664,0.2049245730108047,0.2415143211849241,0.2070849246979697,0.24477302904568268,0.21056113298760212,0.22733349185447285
48.0,0.20449727925868197,0.24122372308184573,0.20671114431222112,0.24444682696824033,0.21024610600611443,0.22707945039666738
48.08333333333333,0.2040996967953031,0.2409325747192579,0.20637674111974702,0.2441345712697308,0.2099711025349997,0.22682926888305738
48.166666666666664,0.2037048068702437,0.24066332973685053,0.20604404157864364,0.24384858500668646,0.2097079587485479,0.22660089003134465
48.25,0.2033324454273011,0.24040620740210658,0.2057221495989472,0.24356281852737752,0.20944017039426827,0.22637618662352998
48.33333333333333,0.20297267532553137,0.240164561050724,0.20540932003957693,0.24329357086524125,0.2091985764225669,0.22616283157179207
48.416666666666664,0.20262906313135765,0.2399285385412121,0.20510514886740217,0.24303656404567198,0.20896611748328048,0.22596283681079415
48.5,0.2023009285664252,0.23970594549387733,0.2048153337549044,0.24279125189313505,0.20874033963818656,0.2257695832279642
48.58333333333333,0.20198750711133925,0.2394955759883078,0.2045370884622114,0.24255863479385398,0.20853453565555458,0.2255859954680668
48.666666666666664,0.2016915521186326,0.23929814583348302,0.20426909427192114,0.24234069220384258,0.20833692812590585,0.22541758162209502
48.75,0.20140879198848602,0.23911179036948188,0.20400745661617914,0.24213263774154417,0.20815276327750867,0.22525593007149425
48.83333333333333,0.20114259379296628,0.23893688864396256,0.2037596925840068,0.2419373432855224,0.20797964201184393,0.2251056051912272
48.916666666666664,0.20089333054418104,0.23877471186025345,0.2035215211560674,0.24175390529001384,0.2078197940551566,0.22496532286576212
49.0,0.20065929993473383,0.23862449949738881,0.20329412732626628,0.24158261130196979,0.20767132958377668,0.22483567423553036
49.08333333333333,0.20044244201685324,0.23848606509014808,0.20307754812529516,0.2414236734965288,0.2075349993243468,0.22471622382503942
49.166666666666664,0.20024220544397164,0.23835960079059268,0.20287143402191965,0.24127699948168058,0.2074107420259695,0.22460703625219325
49.25,0.2000593574186849,0.2382451757975805,0.20267658364478247,0.24114265982240438,0.207298253608373,0.22450821343933552
49.33333333333333,0.19989406002157273,0.23814268940239355,0.20249282457593737,0.24102082016775067,0.20719768311105394,0.22441977556837794
49.416666666666664,0.1997467727477113,0.23805215403233781,0.20232073178503315,0.24091159612441357,0.20710896385925645,0.22434161854345067
49.5,0.1996179337975562,0.23797362653736828,0.20216090897901354,0.24081529558770046,0.20703209519558943,0.22427385323130766
49.58333333333333,0.19950796946208998,0.2379071180743898,0.2020143098960601,0.24073220058403483,0.20696707434122252,0.22421646254289085
49.666666666666664,0.19941730081441933,0.237852654878627,0.20188255633213162,0.2406627528122074,0.20691388405083128,0.22416947478744548
49.75,0.19934631535524597,0.23781026248966805,0.20176842582506804,0.24060752390874832,0.20687252047272922,0.22413290824673673
49.83333333333333,0.19929534776277874,0.23777996289447662,0.20167672484517446,0.24056721899616382,0.20684297825887424,0.22410677737893825
49.916666666666664,0.19926465719344216,0.23776177492849335,0.20161516288379008,0.2405426045420802,0.206825254231123,0.22409109392779006
50.0,0.1992544082007246,0.23775571084631358,0.2015930667957763,0.24053431547093196,0.20681934643049502,0.22408586527612556
